added,api,apiproducts,array,authservice,backup,calculatetax,calling,cart,complete,connection,deprecated,detected,devsda,disk,endpoint,exceeds,executed,exhausted,failure,function,high,id,internal,item,job,logged,memory,module,num,params,pool,query,raid,refused,request,select,served,sql,started,startup,successfully,traceid,usage,used,user,usernum,users,varlog,vnum
0.0,0.0,0.0,0.0,0.0,0.0,0.0,0.0,0.0,0.6963405381882333,0.0,0.0,0.0,0.0,0.0,0.0,0.0,0.0,0.0,0.0,0.0,0.0,0.0,0.0,0.0,0.0,0.0,0.0,0.0,0.0,0.0,0.0,0.0,0.0,0.0,0.0,0.0,0.0,0.0,0.0,0.6963405381882333,0.0,0.17383817115767006,0.0,0.0,0.0,0.0,0.0,0.0,0.0
0.0,0.0,0.0,0.0,0.0,0.0,0.0,0.0,0.0,0.0,0.49614975934424127,0.0,0.0,0.0,0.0,0.0,0.0,0.0,0.49614975934424127,0.0,0.0,0.0,0.0,0.0,0.0,0.0,0.0,0.0,0.0,0.0,0.0,0.49614975934424127,0.0,0.0,0.49614975934424127,0.0,0.0,0.0,0.0,0.0,0.0,0.0,0.12386147589386239,0.0,0.0,0.0,0.0,0.0,0.0,0.0
0.0,0.0,0.0,0.0,0.0,0.0,0.0,0.0,0.0,0.0,0.0,0.0,0.0,0.0,0.0,0.0,0.0,0.0,0.0,0.0,0.0,0.0,0.0,0.0,0.0,0.0,0.0,0.0,0.0,0.0,0.0,0.0,0.0,0.0,0.0,0.0,0.0,0.0,0.0,0.0,0.0,0.0,1.0,0.0,0.0,0.0,0.0,0.0,0.0,0.0
0.0,0.44870621383689957,0.5078532317762062,0.0,0.0,0.0,0.0,0.0,0.0,0.0,0.0,0.0,0.0,0.0,0.0,0.0,0.0,0.0,0.0,0.0,0.0,0.0,0.0,0.0,0.0,0.0,0.0,0.0,0.0,0.0,0.0,0.0,0.0,0.0,0.0,0.5078532317762062,0.0,0.5078532317762062,0.0,0.0,0.0,0.0,0.15785442213490103,0.0,0.0,0.0,0.0,0.0,0.0,0.0
0.0,0.0,0.0,0.0,0.0,0.0,0.0,0.0,0.0,0.0,0.0,0.0,0.0,0.0,0.0,0.0,0.0,0.0,0.0,0.0,0.0,0.0,0.0,0.0,0.0,0.0,0.0,0.0,0.0,0.0,0.0,0.0,0.0,0.0,0.0,0.0,0.0,0.0,0.0,0.0,0.0,0.0,1.0,0.0,0.0,0.0,0.0,0.0,0.0,0.0
0.0,0.0,0.0,0.0,0.0,0.0,0.0,0.0,0.0,0.0,0.49614975934424127,0.0,0.0,0.0,0.0,0.0,0.0,0.0,0.49614975934424127,0.0,0.0,0.0,0.0,0.0,0.0,0.0,0.0,0.0,0.0,0.0,0.0,0.49614975934424127,0.0,0.0,0.49614975934424127,0.0,0.0,0.0,0.0,0.0,0.0,0.0,0.12386147589386239,0.0,0.0,0.0,0.0,0.0,0.0,0.0
0.0,0.44870621383689957,0.5078532317762062,0.0,0.0,0.0,0.0,0.0,0.0,0.0,0.0,0.0,0.0,0.0,0.0,0.0,0.0,0.0,0.0,0.0,0.0,0.0,0.0,0.0,0.0,0.0,0.0,0.0,0.0,0.0,0.0,0.0,0.0,0.0,0.0,0.5078532317762062,0.0,0.5078532317762062,0.0,0.0,0.0,0.0,0.15785442213490103,0.0,0.0,0.0,0.0,0.0,0.0,0.0
0.0,0.0,0.0,0.0,0.0,0.0,0.44343383605463016,0.44343383605463016,0.0,0.0,0.0,0.0,0.0,0.0,0.0,0.0,0.0,0.0,0.0,0.0,0.44343383605463016,0.0,0.0,0.44343383605463016,0.0,0.0,0.0,0.0,0.0,0.0,0.44343383605463016,0.0,0.0,0.0,0.0,0.0,0.0,0.0,0.0,0.0,0.0,0.0,0.1297388346231646,0.0,0.0,0.0,0.0,0.0,0.0,0.0
0.0,0.0,0.0,0.4319396373666445,0.0,0.0,0.0,0.0,0.0,0.0,0.0,0.0,0.3422204703780329,0.4319396373666445,0.3503423148360653,0.0,0.0,0.0,0.0,0.4319396373666445,0.0,0.0,0.0,0.0,0.0,0.0,0.0,0.0,0.0,0.0,0.0,0.0,0.0,0.4319396373666445,0.0,0.0,0.0,0.0,0.0,0.0,0.0,0.0,0.11772005256468383,0.0,0.0,0.0,0.0,0.0,0.0,0.0
0.0,0.0,0.0,0.4319396373666445,0.0,0.0,0.0,0.0,0.0,0.0,0.0,0.0,0.3422204703780329,0.4319396373666445,0.3503423148360653,0.0,0.0,0.0,0.0,0.4319396373666445,0.0,0.0,0.0,0.0,0.0,0.0,0.0,0.0,0.0,0.0,0.0,0.0,0.0,0.4319396373666445,0.0,0.0,0.0,0.0,0.0,0.0,0.0,0.0,0.11772005256468383,0.0,0.0,0.0,0.0,0.0,0.0,0.0
0.0,0.0,0.0,0.0,0.0,0.0,0.0,0.0,0.0,0.0,0.0,0.0,0.0,0.0,0.0,0.0,0.0,0.4048198439924144,0.0,0.0,0.0,0.0,0.4048198439924144,0.0,0.0,0.0,0.0,0.0,0.0,0.0,0.0,0.0,0.4048198439924144,0.0,0.0,0.0,0.4048198439924144,0.0,0.4048198439924144,0.0,0.0,0.0,0.1293265767726939,0.0,0.0,0.0,0.0,0.4048198439924144,0.0,0.0
0.0,0.0,0.0,0.0,0.0,0.0,0.0,0.0,0.0,0.0,0.0,0.0,0.0,0.0,0.0,0.0,0.0,0.0,0.0,0.0,0.0,0.0,0.0,0.0,0.0,0.0,0.49585963306141123,0.0,0.0,0.0,0.0,0.0,0.0,0.0,0.0,0.0,0.0,0.0,0.0,0.0,0.0,0.49585963306141123,0.16661596272208312,0.0,0.0,0.48436431935765184,0.49585963306141123,0.0,0.0,0.0
0.5692854292793462,0.0,0.0,0.0,0.0,0.0,0.0,0.0,0.5692854292793462,0.0,0.0,0.0,0.0,0.0,0.0,0.0,0.0,0.0,0.0,0.0,0.0,0.0,0.0,0.0,0.5692854292793462,0.0,0.0,0.0,0.0,0.0,0.0,0.0,0.0,0.0,0.0,0.0,0.0,0.0,0.0,0.0,0.0,0.0,0.1665601994195841,0.0,0.0,0.0,0.0,0.0,0.0,0.0
0.0,0.0,0.0,0.0,0.0,0.0,0.0,0.0,0.0,0.0,0.0,0.0,0.4056609636527574,0.0,0.0,0.0,0.0,0.0,0.0,0.0,0.0,0.493378826258678,0.0,0.0,0.0,0.0,0.0,0.493378826258678,0.0,0.4056609636527574,0.0,0.0,0.0,0.0,0.0,0.0,0.0,0.0,0.0,0.0,0.0,0.0,0.13954287980462154,0.4056609636527574,0.0,0.0,0.0,0.0,0.0,0.0
0.0,0.0,0.0,0.0,0.0,0.0,0.0,0.0,0.0,0.0,0.0,0.0,0.0,0.0,0.0,0.0,0.0,0.4048198439924144,0.0,0.0,0.0,0.0,0.4048198439924144,0.0,0.0,0.0,0.0,0.0,0.0,0.0,0.0,0.0,0.4048198439924144,0.0,0.0,0.0,0.4048198439924144,0.0,0.4048198439924144,0.0,0.0,0.0,0.1293265767726939,0.0,0.0,0.0,0.0,0.4048198439924144,0.0,0.0
0.0,0.0,0.0,0.0,0.0,0.0,0.0,0.0,0.0,0.0,0.0,0.0,0.0,0.0,0.0,0.0,0.0,0.0,0.0,0.0,0.0,0.0,0.0,0.0,0.0,0.0,0.49585963306141123,0.0,0.0,0.0,0.0,0.0,0.0,0.0,0.0,0.0,0.0,0.0,0.0,0.0,0.0,0.49585963306141123,0.16661596272208312,0.0,0.0,0.48436431935765184,0.49585963306141123,0.0,0.0,0.0
0.0,0.0,0.0,0.0,0.6963405381882333,0.0,0.0,0.0,0.0,0.0,0.0,0.0,0.0,0.0,0.0,0.0,0.0,0.0,0.0,0.0,0.0,0.0,0.0,0.0,0.0,0.0,0.0,0.0,0.6963405381882333,0.0,0.0,0.0,0.0,0.0,0.0,0.0,0.0,0.0,0.0,0.0,0.0,0.0,0.17383817115767006,0.0,0.0,0.0,0.0,0.0,0.0,0.0
0.0,0.0,0.0,0.0,0.0,0.0,0.0,0.0,0.0,0.0,0.0,0.0,0.4056609636527574,0.0,0.0,0.0,0.0,0.0,0.0,0.0,0.0,0.493378826258678,0.0,0.0,0.0,0.0,0.0,0.493378826258678,0.0,0.4056609636527574,0.0,0.0,0.0,0.0,0.0,0.0,0.0,0.0,0.0,0.0,0.0,0.0,0.13954287980462154,0.4056609636527574,0.0,0.0,0.0,0.0,0.0,0.0
0.0,0.0,0.0,0.0,0.0,0.0,0.0,0.0,0.0,0.6963405381882333,0.0,0.0,0.0,0.0,0.0,0.0,0.0,0.0,0.0,0.0,0.0,0.0,0.0,0.0,0.0,0.0,0.0,0.0,0.0,0.0,0.0,0.0,0.0,0.0,0.0,0.0,0.0,0.0,0.0,0.0,0.6963405381882333,0.0,0.17383817115767006,0.0,0.0,0.0,0.0,0.0,0.0,0.0
0.5692854292793462,0.0,0.0,0.0,0.0,0.0,0.0,0.0,0.5692854292793462,0.0,0.0,0.0,0.0,0.0,0.0,0.0,0.0,0.0,0.0,0.0,0.0,0.0,0.0,0.0,0.5692854292793462,0.0,0.0,0.0,0.0,0.0,0.0,0.0,0.0,0.0,0.0,0.0,0.0,0.0,0.0,0.0,0.0,0.0,0.1665601994195841,0.0,0.0,0.0,0.0,0.0,0.0,0.0
0.0,0.44870621383689957,0.5078532317762062,0.0,0.0,0.0,0.0,0.0,0.0,0.0,0.0,0.0,0.0,0.0,0.0,0.0,0.0,0.0,0.0,0.0,0.0,0.0,0.0,0.0,0.0,0.0,0.0,0.0,0.0,0.0,0.0,0.0,0.0,0.0,0.0,0.5078532317762062,0.0,0.5078532317762062,0.0,0.0,0.0,0.0,0.15785442213490103,0.0,0.0,0.0,0.0,0.0,0.0,0.0
0.0,0.0,0.0,0.0,0.0,0.0,0.0,0.0,0.0,0.0,0.0,0.0,0.0,0.0,0.41365694289776656,0.0,0.49144055886005517,0.0,0.0,0.0,0.0,0.0,0.0,0.0,0.0,0.0,0.0,0.0,0.0,0.40406730097634197,0.0,0.0,0.0,0.0,0.0,0.0,0.0,0.0,0.0,0.0,0.0,0.0,0.1389946774898075,0.40406730097634197,0.0,0.0,0.0,0.0,0.49144055886005517,0.0
0.0,0.0,0.0,0.0,0.0,0.0,0.0,0.0,0.0,0.0,0.0,0.0,0.0,0.0,0.0,0.0,0.0,0.0,0.0,0.0,0.0,0.0,0.0,0.0,0.0,0.0,0.0,0.0,0.0,0.0,0.0,0.0,0.0,0.0,0.0,0.0,0.0,0.0,0.0,0.0,0.0,0.0,1.0,0.0,0.0,0.0,0.0,0.0,0.0,0.0
0.0,0.0,0.0,0.0,0.0,0.0,0.0,0.0,0.0,0.0,0.0,0.0,0.0,0.0,0.0,0.0,0.0,0.0,0.0,0.0,0.0,0.0,0.0,0.0,0.0,0.0,0.0,0.0,0.0,0.0,0.0,0.0,0.0,0.0,0.0,0.0,0.0,0.0,0.0,0.0,0.0,0.0,1.0,0.0,0.0,0.0,0.0,0.0,0.0,0.0
0.0,0.0,0.0,0.0,0.0,0.0,0.0,0.0,0.0,0.0,0.0,0.0,0.4056609636527574,0.0,0.0,0.0,0.0,0.0,0.0,0.0,0.0,0.493378826258678,0.0,0.0,0.0,0.0,0.0,0.493378826258678,0.0,0.4056609636527574,0.0,0.0,0.0,0.0,0.0,0.0,0.0,0.0,0.0,0.0,0.0,0.0,0.13954287980462154,0.4056609636527574,0.0,0.0,0.0,0.0,0.0,0.0
0.0,0.0,0.0,0.0,0.0,0.0,0.0,0.0,0.0,0.0,0.0,0.0,0.0,0.0,0.0,0.0,0.0,0.4048198439924144,0.0,0.0,0.0,0.0,0.4048198439924144,0.0,0.0,0.0,0.0,0.0,0.0,0.0,0.0,0.0,0.4048198439924144,0.0,0.0,0.0,0.4048198439924144,0.0,0.4048198439924144,0.0,0.0,0.0,0.1293265767726939,0.0,0.0,0.0,0.0,0.4048198439924144,0.0,0.0
0.0,0.0,0.0,0.0,0.0,0.0,0.0,0.0,0.0,0.0,0.0,0.0,0.4056609636527574,0.0,0.0,0.0,0.0,0.0,0.0,0.0,0.0,0.493378826258678,0.0,0.0,0.0,0.0,0.0,0.493378826258678,0.0,0.4056609636527574,0.0,0.0,0.0,0.0,0.0,0.0,0.0,0.0,0.0,0.0,0.0,0.0,0.13954287980462154,0.4056609636527574,0.0,0.0,0.0,0.0,0.0,0.0
0.0,0.0,0.0,0.0,0.0,0.0,0.0,0.0,0.0,0.0,0.0,0.0,0.0,0.0,0.0,0.0,0.0,0.0,0.0,0.0,0.0,0.0,0.0,0.0,0.0,0.0,0.49585963306141123,0.0,0.0,0.0,0.0,0.0,0.0,0.0,0.0,0.0,0.0,0.0,0.0,0.0,0.0,0.49585963306141123,0.16661596272208312,0.0,0.0,0.48436431935765184,0.49585963306141123,0.0,0.0,0.0
0.0,0.0,0.0,0.0,0.0,0.0,0.0,0.0,0.0,0.0,0.0,0.0,0.4056609636527574,0.0,0.0,0.0,0.0,0.0,0.0,0.0,0.0,0.493378826258678,0.0,0.0,0.0,0.0,0.0,0.493378826258678,0.0,0.4056609636527574,0.0,0.0,0.0,0.0,0.0,0.0,0.0,0.0,0.0,0.0,0.0,0.0,0.13954287980462154,0.4056609636527574,0.0,0.0,0.0,0.0,0.0,0.0
0.0,0.0,0.0,0.0,0.0,0.0,0.44343383605463016,0.44343383605463016,0.0,0.0,0.0,0.0,0.0,0.0,0.0,0.0,0.0,0.0,0.0,0.0,0.44343383605463016,0.0,0.0,0.44343383605463016,0.0,0.0,0.0,0.0,0.0,0.0,0.44343383605463016,0.0,0.0,0.0,0.0,0.0,0.0,0.0,0.0,0.0,0.0,0.0,0.1297388346231646,0.0,0.0,0.0,0.0,0.0,0.0,0.0
0.0,0.0,0.0,0.0,0.0,0.0,0.0,0.0,0.0,0.0,0.0,0.0,0.0,0.0,0.0,0.0,0.0,0.0,0.0,0.0,0.0,0.0,0.0,0.0,0.0,0.0,0.49585963306141123,0.0,0.0,0.0,0.0,0.0,0.0,0.0,0.0,0.0,0.0,0.0,0.0,0.0,0.0,0.49585963306141123,0.16661596272208312,0.0,0.0,0.48436431935765184,0.49585963306141123,0.0,0.0,0.0
0.0,0.0,0.0,0.0,0.0,0.0,0.0,0.0,0.0,0.0,0.0,0.0,0.0,0.0,0.41365694289776656,0.0,0.49144055886005517,0.0,0.0,0.0,0.0,0.0,0.0,0.0,0.0,0.0,0.0,0.0,0.0,0.40406730097634197,0.0,0.0,0.0,0.0,0.0,0.0,0.0,0.0,0.0,0.0,0.0,0.0,0.1389946774898075,0.40406730097634197,0.0,0.0,0.0,0.0,0.49144055886005517,0.0
0.0,0.3458478766876641,0.0,0.0,0.0,0.0,0.0,0.0,0.0,0.0,0.0,0.46518434820629184,0.0,0.0,0.0,0.46518434820629184,0.0,0.0,0.0,0.0,0.0,0.0,0.0,0.0,0.0,0.0,0.0,0.0,0.0,0.0,0.0,0.0,0.0,0.0,0.0,0.0,0.0,0.0,0.0,0.0,0.0,0.0,0.12166895629610779,0.0,0.46518434820629184,0.0,0.0,0.0,0.0,0.46518434820629184
0.0,0.0,0.0,0.4319396373666445,0.0,0.0,0.0,0.0,0.0,0.0,0.0,0.0,0.3422204703780329,0.4319396373666445,0.3503423148360653,0.0,0.0,0.0,0.0,0.4319396373666445,0.0,0.0,0.0,0.0,0.0,0.0,0.0,0.0,0.0,0.0,0.0,0.0,0.0,0.4319396373666445,0.0,0.0,0.0,0.0,0.0,0.0,0.0,0.0,0.11772005256468383,0.0,0.0,0.0,0.0,0.0,0.0,0.0
0.0,0.0,0.0,0.0,0.0,0.0,0.0,0.0,0.0,0.0,0.0,0.0,0.0,0.0,0.0,0.0,0.0,0.0,0.0,0.0,0.0,0.0,0.0,0.0,0.0,0.0,0.0,0.0,0.0,0.0,0.0,0.0,0.0,0.0,0.0,0.0,0.0,0.0,0.0,0.0,0.0,0.0,1.0,0.0,0.0,0.0,0.0,0.0,0.0,0.0
0.0,0.44870621383689957,0.5078532317762062,0.0,0.0,0.0,0.0,0.0,0.0,0.0,0.0,0.0,0.0,0.0,0.0,0.0,0.0,0.0,0.0,0.0,0.0,0.0,0.0,0.0,0.0,0.0,0.0,0.0,0.0,0.0,0.0,0.0,0.0,0.0,0.0,0.5078532317762062,0.0,0.5078532317762062,0.0,0.0,0.0,0.0,0.15785442213490103,0.0,0.0,0.0,0.0,0.0,0.0,0.0
0.0,0.0,0.0,0.0,0.0,0.0,0.0,0.0,0.0,0.0,0.0,0.0,0.0,0.0,0.41365694289776656,0.0,0.49144055886005517,0.0,0.0,0.0,0.0,0.0,0.0,0.0,0.0,0.0,0.0,0.0,0.0,0.40406730097634197,0.0,0.0,0.0,0.0,0.0,0.0,0.0,0.0,0.0,0.0,0.0,0.0,0.1389946774898075,0.40406730097634197,0.0,0.0,0.0,0.0,0.49144055886005517,0.0
0.0,0.0,0.0,0.0,0.0,0.0,0.44343383605463016,0.44343383605463016,0.0,0.0,0.0,0.0,0.0,0.0,0.0,0.0,0.0,0.0,0.0,0.0,0.44343383605463016,0.0,0.0,0.44343383605463016,0.0,0.0,0.0,0.0,0.0,0.0,0.44343383605463016,0.0,0.0,0.0,0.0,0.0,0.0,0.0,0.0,0.0,0.0,0.0,0.1297388346231646,0.0,0.0,0.0,0.0,0.0,0.0,0.0
0.5692854292793462,0.0,0.0,0.0,0.0,0.0,0.0,0.0,0.5692854292793462,0.0,0.0,0.0,0.0,0.0,0.0,0.0,0.0,0.0,0.0,0.0,0.0,0.0,0.0,0.0,0.5692854292793462,0.0,0.0,0.0,0.0,0.0,0.0,0.0,0.0,0.0,0.0,0.0,0.0,0.0,0.0,0.0,0.0,0.0,0.1665601994195841,0.0,0.0,0.0,0.0,0.0,0.0,0.0
0.0,0.44870621383689957,0.5078532317762062,0.0,0.0,0.0,0.0,0.0,0.0,0.0,0.0,0.0,0.0,0.0,0.0,0.0,0.0,0.0,0.0,0.0,0.0,0.0,0.0,0.0,0.0,0.0,0.0,0.0,0.0,0.0,0.0,0.0,0.0,0.0,0.0,0.5078532317762062,0.0,0.5078532317762062,0.0,0.0,0.0,0.0,0.15785442213490103,0.0,0.0,0.0,0.0,0.0,0.0,0.0
0.0,0.0,0.0,0.0,0.0,0.0,0.0,0.0,0.0,0.0,0.0,0.0,0.0,0.0,0.0,0.0,0.0,0.0,0.0,0.0,0.0,0.0,0.0,0.0,0.0,0.0,0.49585963306141123,0.0,0.0,0.0,0.0,0.0,0.0,0.0,0.0,0.0,0.0,0.0,0.0,0.0,0.0,0.49585963306141123,0.16661596272208312,0.0,0.0,0.48436431935765184,0.49585963306141123,0.0,0.0,0.0
0.0,0.0,0.0,0.0,0.0,0.0,0.0,0.0,0.0,0.0,0.0,0.0,0.0,0.0,0.0,0.0,0.0,0.0,0.0,0.0,0.0,0.0,0.0,0.0,0.0,0.0,0.49585963306141123,0.0,0.0,0.0,0.0,0.0,0.0,0.0,0.0,0.0,0.0,0.0,0.0,0.0,0.0,0.49585963306141123,0.16661596272208312,0.0,0.0,0.48436431935765184,0.49585963306141123,0.0,0.0,0.0
0.5692854292793462,0.0,0.0,0.0,0.0,0.0,0.0,0.0,0.5692854292793462,0.0,0.0,0.0,0.0,0.0,0.0,0.0,0.0,0.0,0.0,0.0,0.0,0.0,0.0,0.0,0.5692854292793462,0.0,0.0,0.0,0.0,0.0,0.0,0.0,0.0,0.0,0.0,0.0,0.0,0.0,0.0,0.0,0.0,0.0,0.1665601994195841,0.0,0.0,0.0,0.0,0.0,0.0,0.0
0.0,0.0,0.0,0.0,0.0,0.0,0.0,0.0,0.0,0.0,0.0,0.0,0.0,0.0,0.0,0.0,0.0,0.0,0.0,0.0,0.0,0.0,0.0,0.0,0.0,0.0,0.49585963306141123,0.0,0.0,0.0,0.0,0.0,0.0,0.0,0.0,0.0,0.0,0.0,0.0,0.0,0.0,0.49585963306141123,0.16661596272208312,0.0,0.0,0.48436431935765184,0.49585963306141123,0.0,0.0,0.0
0.0,0.0,0.0,0.0,0.0,0.0,0.44343383605463016,0.44343383605463016,0.0,0.0,0.0,0.0,0.0,0.0,0.0,0.0,0.0,0.0,0.0,0.0,0.44343383605463016,0.0,0.0,0.44343383605463016,0.0,0.0,0.0,0.0,0.0,0.0,0.44343383605463016,0.0,0.0,0.0,0.0,0.0,0.0,0.0,0.0,0.0,0.0,0.0,0.1297388346231646,0.0,0.0,0.0,0.0,0.0,0.0,0.0
0.0,0.3458478766876641,0.0,0.0,0.0,0.0,0.0,0.0,0.0,0.0,0.0,0.46518434820629184,0.0,0.0,0.0,0.46518434820629184,0.0,0.0,0.0,0.0,0.0,0.0,0.0,0.0,0.0,0.0,0.0,0.0,0.0,0.0,0.0,0.0,0.0,0.0,0.0,0.0,0.0,0.0,0.0,0.0,0.0,0.0,0.12166895629610779,0.0,0.46518434820629184,0.0,0.0,0.0,0.0,0.46518434820629184
0.0,0.0,0.0,0.0,0.0,0.0,0.0,0.0,0.0,0.0,0.0,0.0,0.0,0.0,0.0,0.0,0.0,0.4048198439924144,0.0,0.0,0.0,0.0,0.4048198439924144,0.0,0.0,0.0,0.0,0.0,0.0,0.0,0.0,0.0,0.4048198439924144,0.0,0.0,0.0,0.4048198439924144,0.0,0.4048198439924144,0.0,0.0,0.0,0.1293265767726939,0.0,0.0,0.0,0.0,0.4048198439924144,0.0,0.0
0.0,0.0,0.0,0.0,0.0,0.0,0.0,0.0,0.0,0.0,0.0,0.0,0.0,0.0,0.0,0.0,0.0,0.0,0.0,0.0,0.0,0.0,0.0,0.0,0.0,0.0,0.49585963306141123,0.0,0.0,0.0,0.0,0.0,0.0,0.0,0.0,0.0,0.0,0.0,0.0,0.0,0.0,0.49585963306141123,0.16661596272208312,0.0,0.0,0.48436431935765184,0.49585963306141123,0.0,0.0,0.0
0.0,0.0,0.0,0.0,0.6963405381882333,0.0,0.0,0.0,0.0,0.0,0.0,0.0,0.0,0.0,0.0,0.0,0.0,0.0,0.0,0.0,0.0,0.0,0.0,0.0,0.0,0.0,0.0,0.0,0.6963405381882333,0.0,0.0,0.0,0.0,0.0,0.0,0.0,0.0,0.0,0.0,0.0,0.0,0.0,0.17383817115767006,0.0,0.0,0.0,0.0,0.0,0.0,0.0
0.0,0.0,0.0,0.0,0.0,0.0,0.0,0.0,0.0,0.0,0.49614975934424127,0.0,0.0,0.0,0.0,0.0,0.0,0.0,0.49614975934424127,0.0,0.0,0.0,0.0,0.0,0.0,0.0,0.0,0.0,0.0,0.0,0.0,0.49614975934424127,0.0,0.0,0.49614975934424127,0.0,0.0,0.0,0.0,0.0,0.0,0.0,0.12386147589386239,0.0,0.0,0.0,0.0,0.0,0.0,0.0
0.5692854292793462,0.0,0.0,0.0,0.0,0.0,0.0,0.0,0.5692854292793462,0.0,0.0,0.0,0.0,0.0,0.0,0.0,0.0,0.0,0.0,0.0,0.0,0.0,0.0,0.0,0.5692854292793462,0.0,0.0,0.0,0.0,0.0,0.0,0.0,0.0,0.0,0.0,0.0,0.0,0.0,0.0,0.0,0.0,0.0,0.1665601994195841,0.0,0.0,0.0,0.0,0.0,0.0,0.0
0.0,0.0,0.0,0.0,0.0,0.0,0.0,0.0,0.0,0.0,0.0,0.0,0.0,0.0,0.0,0.0,0.0,0.0,0.0,0.0,0.0,0.0,0.0,0.0,0.0,0.0,0.49585963306141123,0.0,0.0,0.0,0.0,0.0,0.0,0.0,0.0,0.0,0.0,0.0,0.0,0.0,0.0,0.49585963306141123,0.16661596272208312,0.0,0.0,0.48436431935765184,0.49585963306141123,0.0,0.0,0.0
0.0,0.0,0.0,0.0,0.0,0.0,0.0,0.0,0.0,0.0,0.0,0.0,0.0,0.0,0.0,0.0,0.0,0.4048198439924144,0.0,0.0,0.0,0.0,0.4048198439924144,0.0,0.0,0.0,0.0,0.0,0.0,0.0,0.0,0.0,0.4048198439924144,0.0,0.0,0.0,0.4048198439924144,0.0,0.4048198439924144,0.0,0.0,0.0,0.1293265767726939,0.0,0.0,0.0,0.0,0.4048198439924144,0.0,0.0
0.0,0.0,0.0,0.0,0.0,0.0,0.44343383605463016,0.44343383605463016,0.0,0.0,0.0,0.0,0.0,0.0,0.0,0.0,0.0,0.0,0.0,0.0,0.44343383605463016,0.0,0.0,0.44343383605463016,0.0,0.0,0.0,0.0,0.0,0.0,0.44343383605463016,0.0,0.0,0.0,0.0,0.0,0.0,0.0,0.0,0.0,0.0,0.0,0.1297388346231646,0.0,0.0,0.0,0.0,0.0,0.0,0.0
0.0,0.0,0.0,0.0,0.0,0.5714451042679338,0.0,0.0,0.0,0.0,0.0,0.0,0.0,0.0,0.0,0.0,0.0,0.0,0.0,0.0,0.0,0.0,0.0,0.0,0.0,0.5714451042679338,0.0,0.0,0.0,0.0,0.0,0.0,0.0,0.0,0.0,0.0,0.0,0.0,0.0,0.5714451042679338,0.0,0.0,0.14265860795840754,0.0,0.0,0.0,0.0,0.0,0.0,0.0
0.0,0.44870621383689957,0.5078532317762062,0.0,0.0,0.0,0.0,0.0,0.0,0.0,0.0,0.0,0.0,0.0,0.0,0.0,0.0,0.0,0.0,0.0,0.0,0.0,0.0,0.0,0.0,0.0,0.0,0.0,0.0,0.0,0.0,0.0,0.0,0.0,0.0,0.5078532317762062,0.0,0.5078532317762062,0.0,0.0,0.0,0.0,0.15785442213490103,0.0,0.0,0.0,0.0,0.0,0.0,0.0
0.0,0.0,0.0,0.0,0.0,0.0,0.0,0.0,0.0,0.0,0.0,0.0,0.0,0.0,0.41365694289776656,0.0,0.49144055886005517,0.0,0.0,0.0,0.0,0.0,0.0,0.0,0.0,0.0,0.0,0.0,0.0,0.40406730097634197,0.0,0.0,0.0,0.0,0.0,0.0,0.0,0.0,0.0,0.0,0.0,0.0,0.1389946774898075,0.40406730097634197,0.0,0.0,0.0,0.0,0.49144055886005517,0.0
0.0,0.0,0.0,0.0,0.0,0.5714451042679338,0.0,0.0,0.0,0.0,0.0,0.0,0.0,0.0,0.0,0.0,0.0,0.0,0.0,0.0,0.0,0.0,0.0,0.0,0.0,0.5714451042679338,0.0,0.0,0.0,0.0,0.0,0.0,0.0,0.0,0.0,0.0,0.0,0.0,0.0,0.5714451042679338,0.0,0.0,0.14265860795840754,0.0,0.0,0.0,0.0,0.0,0.0,0.0
0.0,0.44870621383689957,0.5078532317762062,0.0,0.0,0.0,0.0,0.0,0.0,0.0,0.0,0.0,0.0,0.0,0.0,0.0,0.0,0.0,0.0,0.0,0.0,0.0,0.0,0.0,0.0,0.0,0.0,0.0,0.0,0.0,0.0,0.0,0.0,0.0,0.0,0.5078532317762062,0.0,0.5078532317762062,0.0,0.0,0.0,0.0,0.15785442213490103,0.0,0.0,0.0,0.0,0.0,0.0,0.0
0.0,0.0,0.0,0.4319396373666445,0.0,0.0,0.0,0.0,0.0,0.0,0.0,0.0,0.3422204703780329,0.4319396373666445,0.3503423148360653,0.0,0.0,0.0,0.0,0.4319396373666445,0.0,0.0,0.0,0.0,0.0,0.0,0.0,0.0,0.0,0.0,0.0,0.0,0.0,0.4319396373666445,0.0,0.0,0.0,0.0,0.0,0.0,0.0,0.0,0.11772005256468383,0.0,0.0,0.0,0.0,0.0,0.0,0.0
0.0,0.3458478766876641,0.0,0.0,0.0,0.0,0.0,0.0,0.0,0.0,0.0,0.46518434820629184,0.0,0.0,0.0,0.46518434820629184,0.0,0.0,0.0,0.0,0.0,0.0,0.0,0.0,0.0,0.0,0.0,0.0,0.0,0.0,0.0,0.0,0.0,0.0,0.0,0.0,0.0,0.0,0.0,0.0,0.0,0.0,0.12166895629610779,0.0,0.46518434820629184,0.0,0.0,0.0,0.0,0.46518434820629184
0.0,0.44870621383689957,0.5078532317762062,0.0,0.0,0.0,0.0,0.0,0.0,0.0,0.0,0.0,0.0,0.0,0.0,0.0,0.0,0.0,0.0,0.0,0.0,0.0,0.0,0.0,0.0,0.0,0.0,0.0,0.0,0.0,0.0,0.0,0.0,0.0,0.0,0.5078532317762062,0.0,0.5078532317762062,0.0,0.0,0.0,0.0,0.15785442213490103,0.0,0.0,0.0,0.0,0.0,0.0,0.0
0.0,0.0,0.0,0.0,0.0,0.5714451042679338,0.0,0.0,0.0,0.0,0.0,0.0,0.0,0.0,0.0,0.0,0.0,0.0,0.0,0.0,0.0,0.0,0.0,0.0,0.0,0.5714451042679338,0.0,0.0,0.0,0.0,0.0,0.0,0.0,0.0,0.0,0.0,0.0,0.0,0.0,0.5714451042679338,0.0,0.0,0.14265860795840754,0.0,0.0,0.0,0.0,0.0,0.0,0.0
0.0,0.0,0.0,0.0,0.0,0.0,0.0,0.0,0.0,0.0,0.0,0.0,0.0,0.0,0.0,0.0,0.0,0.4048198439924144,0.0,0.0,0.0,0.0,0.4048198439924144,0.0,0.0,0.0,0.0,0.0,0.0,0.0,0.0,0.0,0.4048198439924144,0.0,0.0,0.0,0.4048198439924144,0.0,0.4048198439924144,0.0,0.0,0.0,0.1293265767726939,0.0,0.0,0.0,0.0,0.4048198439924144,0.0,0.0
0.0,0.0,0.0,0.0,0.6963405381882333,0.0,0.0,0.0,0.0,0.0,0.0,0.0,0.0,0.0,0.0,0.0,0.0,0.0,0.0,0.0,0.0,0.0,0.0,0.0,0.0,0.0,0.0,0.0,0.6963405381882333,0.0,0.0,0.0,0.0,0.0,0.0,0.0,0.0,0.0,0.0,0.0,0.0,0.0,0.17383817115767006,0.0,0.0,0.0,0.0,0.0,0.0,0.0
0.0,0.0,0.0,0.0,0.0,0.0,0.0,0.0,0.0,0.0,0.0,0.0,0.0,0.0,0.0,0.0,0.0,0.4048198439924144,0.0,0.0,0.0,0.0,0.4048198439924144,0.0,0.0,0.0,0.0,0.0,0.0,0.0,0.0,0.0,0.4048198439924144,0.0,0.0,0.0,0.4048198439924144,0.0,0.4048198439924144,0.0,0.0,0.0,0.1293265767726939,0.0,0.0,0.0,0.0,0.4048198439924144,0.0,0.0
0.0,0.0,0.0,0.0,0.0,0.0,0.0,0.0,0.0,0.0,0.0,0.0,0.6870737516275266,0.0,0.0,0.0,0.0,0.0,0.0,0.0,0.0,0.0,0.0,0.0,0.0,0.0,0.0,0.0,0.0,0.0,0.0,0.0,0.0,0.0,0.0,0.0,0.0,0.0,0.0,0.0,0.0,0.0,0.23634576291728102,0.0,0.0,0.6870737516275266,0.0,0.0,0.0,0.0
0.0,0.0,0.0,0.0,0.0,0.0,0.44343383605463016,0.44343383605463016,0.0,0.0,0.0,0.0,0.0,0.0,0.0,0.0,0.0,0.0,0.0,0.0,0.44343383605463016,0.0,0.0,0.44343383605463016,0.0,0.0,0.0,0.0,0.0,0.0,0.44343383605463016,0.0,0.0,0.0,0.0,0.0,0.0,0.0,0.0,0.0,0.0,0.0,0.1297388346231646,0.0,0.0,0.0,0.0,0.0,0.0,0.0
0.0,0.0,0.0,0.0,0.0,0.0,0.0,0.0,0.0,0.0,0.49614975934424127,0.0,0.0,0.0,0.0,0.0,0.0,0.0,0.49614975934424127,0.0,0.0,0.0,0.0,0.0,0.0,0.0,0.0,0.0,0.0,0.0,0.0,0.49614975934424127,0.0,0.0,0.49614975934424127,0.0,0.0,0.0,0.0,0.0,0.0,0.0,0.12386147589386239,0.0,0.0,0.0,0.0,0.0,0.0,0.0
0.0,0.44870621383689957,0.5078532317762062,0.0,0.0,0.0,0.0,0.0,0.0,0.0,0.0,0.0,0.0,0.0,0.0,0.0,0.0,0.0,0.0,0.0,0.0,0.0,0.0,0.0,0.0,0.0,0.0,0.0,0.0,0.0,0.0,0.0,0.0,0.0,0.0,0.5078532317762062,0.0,0.5078532317762062,0.0,0.0,0.0,0.0,0.15785442213490103,0.0,0.0,0.0,0.0,0.0,0.0,0.0
0.0,0.0,0.0,0.4319396373666445,0.0,0.0,0.0,0.0,0.0,0.0,0.0,0.0,0.3422204703780329,0.4319396373666445,0.3503423148360653,0.0,0.0,0.0,0.0,0.4319396373666445,0.0,0.0,0.0,0.0,0.0,0.0,0.0,0.0,0.0,0.0,0.0,0.0,0.0,0.4319396373666445,0.0,0.0,0.0,0.0,0.0,0.0,0.0,0.0,0.11772005256468383,0.0,0.0,0.0,0.0,0.0,0.0,0.0
0.0,0.0,0.0,0.0,0.0,0.0,0.0,0.0,0.0,0.0,0.0,0.0,0.0,0.0,0.41365694289776656,0.0,0.49144055886005517,0.0,0.0,0.0,0.0,0.0,0.0,0.0,0.0,0.0,0.0,0.0,0.0,0.40406730097634197,0.0,0.0,0.0,0.0,0.0,0.0,0.0,0.0,0.0,0.0,0.0,0.0,0.1389946774898075,0.40406730097634197,0.0,0.0,0.0,0.0,0.49144055886005517,0.0
0.0,0.0,0.0,0.0,0.0,0.5714451042679338,0.0,0.0,0.0,0.0,0.0,0.0,0.0,0.0,0.0,0.0,0.0,0.0,0.0,0.0,0.0,0.0,0.0,0.0,0.0,0.5714451042679338,0.0,0.0,0.0,0.0,0.0,0.0,0.0,0.0,0.0,0.0,0.0,0.0,0.0,0.5714451042679338,0.0,0.0,0.14265860795840754,0.0,0.0,0.0,0.0,0.0,0.0,0.0
0.0,0.0,0.0,0.0,0.0,0.0,0.0,0.0,0.0,0.0,0.0,0.0,0.4056609636527574,0.0,0.0,0.0,0.0,0.0,0.0,0.0,0.0,0.493378826258678,0.0,0.0,0.0,0.0,0.0,0.493378826258678,0.0,0.4056609636527574,0.0,0.0,0.0,0.0,0.0,0.0,0.0,0.0,0.0,0.0,0.0,0.0,0.13954287980462154,0.4056609636527574,0.0,0.0,0.0,0.0,0.0,0.0
0.0,0.3458478766876641,0.0,0.0,0.0,0.0,0.0,0.0,0.0,0.0,0.0,0.46518434820629184,0.0,0.0,0.0,0.46518434820629184,0.0,0.0,0.0,0.0,0.0,0.0,0.0,0.0,0.0,0.0,0.0,0.0,0.0,0.0,0.0,0.0,0.0,0.0,0.0,0.0,0.0,0.0,0.0,0.0,0.0,0.0,0.12166895629610779,0.0,0.46518434820629184,0.0,0.0,0.0,0.0,0.46518434820629184
0.0,0.0,0.0,0.4319396373666445,0.0,0.0,0.0,0.0,0.0,0.0,0.0,0.0,0.3422204703780329,0.4319396373666445,0.3503423148360653,0.0,0.0,0.0,0.0,0.4319396373666445,0.0,0.0,0.0,0.0,0.0,0.0,0.0,0.0,0.0,0.0,0.0,0.0,0.0,0.4319396373666445,0.0,0.0,0.0,0.0,0.0,0.0,0.0,0.0,0.11772005256468383,0.0,0.0,0.0,0.0,0.0,0.0,0.0
0.0,0.44870621383689957,0.5078532317762062,0.0,0.0,0.0,0.0,0.0,0.0,0.0,0.0,0.0,0.0,0.0,0.0,0.0,0.0,0.0,0.0,0.0,0.0,0.0,0.0,0.0,0.0,0.0,0.0,0.0,0.0,0.0,0.0,0.0,0.0,0.0,0.0,0.5078532317762062,0.0,0.5078532317762062,0.0,0.0,0.0,0.0,0.15785442213490103,0.0,0.0,0.0,0.0,0.0,0.0,0.0
0.5692854292793462,0.0,0.0,0.0,0.0,0.0,0.0,0.0,0.5692854292793462,0.0,0.0,0.0,0.0,0.0,0.0,0.0,0.0,0.0,0.0,0.0,0.0,0.0,0.0,0.0,0.5692854292793462,0.0,0.0,0.0,0.0,0.0,0.0,0.0,0.0,0.0,0.0,0.0,0.0,0.0,0.0,0.0,0.0,0.0,0.1665601994195841,0.0,0.0,0.0,0.0,0.0,0.0,0.0
0.0,0.0,0.0,0.0,0.0,0.0,0.0,0.0,0.0,0.0,0.0,0.0,0.0,0.0,0.0,0.0,0.0,0.0,0.0,0.0,0.0,0.0,0.0,0.0,0.0,0.0,0.49585963306141123,0.0,0.0,0.0,0.0,0.0,0.0,0.0,0.0,0.0,0.0,0.0,0.0,0.0,0.0,0.49585963306141123,0.16661596272208312,0.0,0.0,0.48436431935765184,0.49585963306141123,0.0,0.0,0.0
0.0,0.0,0.0,0.0,0.0,0.0,0.44343383605463016,0.44343383605463016,0.0,0.0,0.0,0.0,0.0,0.0,0.0,0.0,0.0,0.0,0.0,0.0,0.44343383605463016,0.0,0.0,0.44343383605463016,0.0,0.0,0.0,0.0,0.0,0.0,0.44343383605463016,0.0,0.0,0.0,0.0,0.0,0.0,0.0,0.0,0.0,0.0,0.0,0.1297388346231646,0.0,0.0,0.0,0.0,0.0,0.0,0.0
0.0,0.0,0.0,0.0,0.0,0.0,0.0,0.0,0.0,0.0,0.0,0.0,0.0,0.0,0.0,0.0,0.0,0.4048198439924144,0.0,0.0,0.0,0.0,0.4048198439924144,0.0,0.0,0.0,0.0,0.0,0.0,0.0,0.0,0.0,0.4048198439924144,0.0,0.0,0.0,0.4048198439924144,0.0,0.4048198439924144,0.0,0.0,0.0,0.1293265767726939,0.0,0.0,0.0,0.0,0.4048198439924144,0.0,0.0
0.0,0.0,0.0,0.0,0.0,0.0,0.0,0.0,0.0,0.0,0.0,0.0,0.0,0.0,0.41365694289776656,0.0,0.49144055886005517,0.0,0.0,0.0,0.0,0.0,0.0,0.0,0.0,0.0,0.0,0.0,0.0,0.40406730097634197,0.0,0.0,0.0,0.0,0.0,0.0,0.0,0.0,0.0,0.0,0.0,0.0,0.1389946774898075,0.40406730097634197,0.0,0.0,0.0,0.0,0.49144055886005517,0.0
0.0,0.0,0.0,0.0,0.0,0.0,0.44343383605463016,0.44343383605463016,0.0,0.0,0.0,0.0,0.0,0.0,0.0,0.0,0.0,0.0,0.0,0.0,0.44343383605463016,0.0,0.0,0.44343383605463016,0.0,0.0,0.0,0.0,0.0,0.0,0.44343383605463016,0.0,0.0,0.0,0.0,0.0,0.0,0.0,0.0,0.0,0.0,0.0,0.1297388346231646,0.0,0.0,0.0,0.0,0.0,0.0,0.0
0.0,0.3458478766876641,0.0,0.0,0.0,0.0,0.0,0.0,0.0,0.0,0.0,0.46518434820629184,0.0,0.0,0.0,0.46518434820629184,0.0,0.0,0.0,0.0,0.0,0.0,0.0,0.0,0.0,0.0,0.0,0.0,0.0,0.0,0.0,0.0,0.0,0.0,0.0,0.0,0.0,0.0,0.0,0.0,0.0,0.0,0.12166895629610779,0.0,0.46518434820629184,0.0,0.0,0.0,0.0,0.46518434820629184
0.0,0.0,0.0,0.0,0.0,0.0,0.0,0.0,0.0,0.0,0.0,0.0,0.0,0.0,0.0,0.0,0.0,0.0,0.0,0.0,0.0,0.0,0.0,0.0,0.0,0.0,0.0,0.0,0.0,0.0,0.0,0.0,0.0,0.0,0.0,0.0,0.0,0.0,0.0,0.0,0.0,0.0,1.0,0.0,0.0,0.0,0.0,0.0,0.0,0.0
0.0,0.0,0.0,0.0,0.0,0.0,0.0,0.0,0.0,0.6963405381882333,0.0,0.0,0.0,0.0,0.0,0.0,0.0,0.0,0.0,0.0,0.0,0.0,0.0,0.0,0.0,0.0,0.0,0.0,0.0,0.0,0.0,0.0,0.0,0.0,0.0,0.0,0.0,0.0,0.0,0.0,0.6963405381882333,0.0,0.17383817115767006,0.0,0.0,0.0,0.0,0.0,0.0,0.0
0.0,0.0,0.0,0.0,0.0,0.0,0.0,0.0,0.0,0.0,0.0,0.0,0.0,0.0,0.0,0.0,0.0,0.4048198439924144,0.0,0.0,0.0,0.0,0.4048198439924144,0.0,0.0,0.0,0.0,0.0,0.0,0.0,0.0,0.0,0.4048198439924144,0.0,0.0,0.0,0.4048198439924144,0.0,0.4048198439924144,0.0,0.0,0.0,0.1293265767726939,0.0,0.0,0.0,0.0,0.4048198439924144,0.0,0.0
0.0,0.0,0.0,0.0,0.0,0.0,0.0,0.0,0.0,0.0,0.0,0.0,0.0,0.0,0.0,0.0,0.0,0.4048198439924144,0.0,0.0,0.0,0.0,0.4048198439924144,0.0,0.0,0.0,0.0,0.0,0.0,0.0,0.0,0.0,0.4048198439924144,0.0,0.0,0.0,0.4048198439924144,0.0,0.4048198439924144,0.0,0.0,0.0,0.1293265767726939,0.0,0.0,0.0,0.0,0.4048198439924144,0.0,0.0
0.5692854292793462,0.0,0.0,0.0,0.0,0.0,0.0,0.0,0.5692854292793462,0.0,0.0,0.0,0.0,0.0,0.0,0.0,0.0,0.0,0.0,0.0,0.0,0.0,0.0,0.0,0.5692854292793462,0.0,0.0,0.0,0.0,0.0,0.0,0.0,0.0,0.0,0.0,0.0,0.0,0.0,0.0,0.0,0.0,0.0,0.1665601994195841,0.0,0.0,0.0,0.0,0.0,0.0,0.0
0.0,0.0,0.0,0.0,0.0,0.0,0.0,0.0,0.0,0.0,0.0,0.0,0.0,0.0,0.0,0.0,0.0,0.0,0.0,0.0,0.0,0.0,0.0,0.0,0.0,0.0,0.49585963306141123,0.0,0.0,0.0,0.0,0.0,0.0,0.0,0.0,0.0,0.0,0.0,0.0,0.0,0.0,0.49585963306141123,0.16661596272208312,0.0,0.0,0.48436431935765184,0.49585963306141123,0.0,0.0,0.0
0.0,0.0,0.0,0.0,0.0,0.0,0.0,0.0,0.0,0.0,0.0,0.0,0.0,0.0,0.41365694289776656,0.0,0.49144055886005517,0.0,0.0,0.0,0.0,0.0,0.0,0.0,0.0,0.0,0.0,0.0,0.0,0.40406730097634197,0.0,0.0,0.0,0.0,0.0,0.0,0.0,0.0,0.0,0.0,0.0,0.0,0.1389946774898075,0.40406730097634197,0.0,0.0,0.0,0.0,0.49144055886005517,0.0
0.0,0.0,0.0,0.0,0.0,0.0,0.0,0.0,0.0,0.0,0.0,0.0,0.0,0.0,0.0,0.0,0.0,0.0,0.0,0.0,0.0,0.0,0.0,0.0,0.0,0.0,0.0,0.0,0.0,0.0,0.0,0.0,0.0,0.0,0.0,0.0,0.0,0.0,0.0,0.0,0.0,0.0,1.0,0.0,0.0,0.0,0.0,0.0,0.0,0.0
0.0,0.0,0.0,0.0,0.0,0.0,0.0,0.0,0.0,0.0,0.0,0.0,0.0,0.0,0.0,0.0,0.0,0.0,0.0,0.0,0.0,0.0,0.0,0.0,0.0,0.0,0.49585963306141123,0.0,0.0,0.0,0.0,0.0,0.0,0.0,0.0,0.0,0.0,0.0,0.0,0.0,0.0,0.49585963306141123,0.16661596272208312,0.0,0.0,0.48436431935765184,0.49585963306141123,0.0,0.0,0.0
0.0,0.0,0.0,0.0,0.6963405381882333,0.0,0.0,0.0,0.0,0.0,0.0,0.0,0.0,0.0,0.0,0.0,0.0,0.0,0.0,0.0,0.0,0.0,0.0,0.0,0.0,0.0,0.0,0.0,0.6963405381882333,0.0,0.0,0.0,0.0,0.0,0.0,0.0,0.0,0.0,0.0,0.0,0.0,0.0,0.17383817115767006,0.0,0.0,0.0,0.0,0.0,0.0,0.0
0.5692854292793462,0.0,0.0,0.0,0.0,0.0,0.0,0.0,0.5692854292793462,0.0,0.0,0.0,0.0,0.0,0.0,0.0,0.0,0.0,0.0,0.0,0.0,0.0,0.0,0.0,0.5692854292793462,0.0,0.0,0.0,0.0,0.0,0.0,0.0,0.0,0.0,0.0,0.0,0.0,0.0,0.0,0.0,0.0,0.0,0.1665601994195841,0.0,0.0,0.0,0.0,0.0,0.0,0.0
0.0,0.0,0.0,0.0,0.0,0.0,0.0,0.0,0.0,0.0,0.0,0.0,0.0,0.0,0.0,0.0,0.0,0.0,0.0,0.0,0.0,0.0,0.0,0.0,0.0,0.0,0.0,0.0,0.0,0.0,0.0,0.0,0.0,0.0,0.0,0.0,0.0,0.0,0.0,0.0,0.0,0.0,1.0,0.0,0.0,0.0,0.0,0.0,0.0,0.0
0.0,0.0,0.0,0.0,0.0,0.0,0.0,0.0,0.0,0.6963405381882333,0.0,0.0,0.0,0.0,0.0,0.0,0.0,0.0,0.0,0.0,0.0,0.0,0.0,0.0,0.0,0.0,0.0,0.0,0.0,0.0,0.0,0.0,0.0,0.0,0.0,0.0,0.0,0.0,0.0,0.0,0.6963405381882333,0.0,0.17383817115767006,0.0,0.0,0.0,0.0,0.0,0.0,0.0
0.0,0.0,0.0,0.0,0.0,0.0,0.0,0.0,0.0,0.0,0.0,0.0,0.4056609636527574,0.0,0.0,0.0,0.0,0.0,0.0,0.0,0.0,0.493378826258678,0.0,0.0,0.0,0.0,0.0,0.493378826258678,0.0,0.4056609636527574,0.0,0.0,0.0,0.0,0.0,0.0,0.0,0.0,0.0,0.0,0.0,0.0,0.13954287980462154,0.4056609636527574,0.0,0.0,0.0,0.0,0.0,0.0
0.0,0.0,0.0,0.0,0.0,0.0,0.0,0.0,0.0,0.0,0.0,0.0,0.0,0.0,0.0,0.0,0.0,0.4048198439924144,0.0,0.0,0.0,0.0,0.4048198439924144,0.0,0.0,0.0,0.0,0.0,0.0,0.0,0.0,0.0,0.4048198439924144,0.0,0.0,0.0,0.4048198439924144,0.0,0.4048198439924144,0.0,0.0,0.0,0.1293265767726939,0.0,0.0,0.0,0.0,0.4048198439924144,0.0,0.0
0.0,0.0,0.0,0.0,0.0,0.0,0.0,0.0,0.0,0.0,0.0,0.0,0.0,0.0,0.0,0.0,0.0,0.0,0.0,0.0,0.0,0.0,0.0,0.0,0.0,0.0,0.49585963306141123,0.0,0.0,0.0,0.0,0.0,0.0,0.0,0.0,0.0,0.0,0.0,0.0,0.0,0.0,0.49585963306141123,0.16661596272208312,0.0,0.0,0.48436431935765184,0.49585963306141123,0.0,0.0,0.0
